<?xml version="1.0" encoding="UTF-8"?>
<project-private xmlns="http://www.netbeans.org/ns/project-private/1">
    <data xmlns="http://www.netbeans.org/ns/make-project-private/1">
        <activeConfTypeElem>1</activeConfTypeElem>
        <activeConfIndexElem>0</activeConfIndexElem>
    </data>
    <editor-bookmarks xmlns="http://www.netbeans.org/ns/editor-bookmarks/2" lastBookmarkId="0"/>
    <open-files xmlns="http://www.netbeans.org/ns/projectui-open-files/2">
        <group>
            <file>file:/Users/mac/School/Summer2021/CSC_17A/TembladorJose_CIS_17A_45398/HW/Gaddis_Chap15_Prob1_EmployeeWorkerClass/Employee.h</file>
            <file>file:/Users/mac/School/Summer2021/CSC_17A/TembladorJose_CIS_17A_45398/HW/Gaddis_Chap15_Prob1_EmployeeWorkerClass/Employee.cpp</file>
        </group>
    </open-files>
</project-private>
